82,86dfb92b-0cb2-4f1c-afa5-e09ffe69cc68,中村 陽菜,Johnathan5@yahoo.com,ap9i9DNOrlc3n0H,0177-94-7147
27,b2651651-2fff-423b-ba7a-ab8887597cbb,佐藤 蓮,Tomasa.Altenwerth@yahoo.com,MgMVtfbvPIz6bhJ,0164-27-1283
14,7d97c0eb-9797-429e-bb2e-dedde8f1ffd2,伊藤 樹,Jeanie.Nicolas@gmail.com,LlmbHxd8SGyqAQ6,005-767-7945
213,0e9a8c15-7864-4e9a-9fe3-84ea3522737d,清水 結衣,Juliana_Fay90@yahoo.com,Q_ipl91SJWWthAV,062-972-2801
35,3e05dfbb-2c1c-4d55-a3fc-2cbe41ff5337,佐藤 大和,Lenore.Heller@gmail.com,653Vm6qxr7KWWCr,0619-77-2330
82,8291fb69-8a9b-42e8-b803-51b22b983651,木村 大和,Vanessa_Bayer48@yahoo.com,CP0Uy4O3GsqhJEA,09-2937-3867
128,528aed50-4595-4a96-8ea7-655893befaa2,山口 颯太,Imogene26@yahoo.com,NtWGGxGcu5uQV68,00754-8-5226
224,1407e047-275a-45ec-9538-e4b3233236e1,渡辺 陸斗,Kattie24@gmail.com,qZbspkSNIKSMPOn,0435-07-4481
109,59f599e0-bcce-467d-b3d6-1fc84512ebd0,中村 愛菜,Glenna.Rutherford43@yahoo.com,ml_YS_NHSfz5Or_,04838-4-9366
421,58d48e10-9e7a-4dc5-98e4-93d46d4a95a0,加藤 蒼空,Richie_Baumbach19@hotmail.com,8deBsQLOFQYihVc,0932-43-2266
144,8daa7932-3552-4ce5-9503-5ba049965ef8,清水 蒼空,Kip.Vandervort40@yahoo.com,5S7F57WOM6z0kQN,05441-4-5115
50,48d5b0c2-bcb2-4687-b96f-526d29540bcf,渡辺 太一,Kaia.Daugherty@yahoo.com,s30MKe2aqXFqS6j,02-1711-9878
83,351bb3ad-a30d-438e-8a06-af7731da7992,佐々木 太一,Cameron_Larson12@gmail.com,9MnaUQ0RncTp9wF,07543-8-5151
117,e73fb792-9287-4d67-b821-195872ef8b02,小林 樹,Lois.Heidenreich84@yahoo.com,43WEDj1rvbwlY6z,0637-87-2397
17,b2b183f9-c110-4683-b119-3ccab6e105fe,伊藤 陽翔,Mikel.Armstrong23@hotmail.com,nmbCdkmkhJ18PuN,02-6066-6380
142,5e97ff9b-a5ce-4f05-a7ef-071d7d1e298e,木村 美羽,Keara_Hilpert@gmail.com,x1R4jPupfk4Irhi,00-3180-5110
94,87a1ef52-49ab-4cfa-bebe-9e5d52c597ed,林 杏,Grace.McGlynn8@yahoo.com,G4eVo7SzccZnYxP,0959-41-0524
17,e0627a7e-83ce-4457-927a-88fdc8c16017,鈴木 海翔,Chet57@yahoo.com,FTkcHpOELuHqs5Y,0202-11-0678
76,df29b200-72ab-4991-b493-dec82b02ddc5,高橋 陽翔,Brain.Feil@gmail.com,tDVxEyEqKvnZedf,06100-0-6515
182,e379c7e9-ae29-47a0-90c2-251df38a73c0,斎藤 颯太,Annabel31@hotmail.com,mt2ZTHXFmmm96eE,0934-77-4166
120,a02a163f-cc4a-4ad9-aae5-8cfe3303d025,佐藤 海翔,Mariane.Keebler@gmail.com,jlefUybDvqxeRmw,0423-48-3074
91,3528db53-488e-4e19-a507-6b43dca70d78,佐々木 颯太,Donnell_Kovacek@gmail.com,mKOXM343MKCSK5h,091-184-8914
37,37e88710-08af-48ba-88a2-3ff4628b5756,松本 美羽,Dallas5@hotmail.com,lQVTscSOv9B5jRh,07981-2-7231
73,990acf7c-d47b-4ebe-8626-b76cd5042759,吉田 美咲,Syble23@yahoo.com,ybQ1B7J62hnNhNd,090-813-1374
181,89486691-bd6a-40ec-b98b-6e85c656b58d,加藤 結愛,Ryann59@hotmail.com,CPAPfUkdKMpx5pJ,0720-50-9540
40,1f9cc1bb-a78f-444c-b0e5-3aa393983e20,井上 大和,Lamont.Harvey64@hotmail.com,e435Xf0jVy_nFAF,09-0261-8924
183,0175ee78-245f-4dad-b31d-e848e64b6fc1,松本 大和,Karelle.Heller@hotmail.com,x5LKkDG0MWWBcWz,063-861-3576
102,27c4a219-034e-4a85-88e5-e4e5241a1ee2,伊藤 太一,Elmore63@gmail.com,nKHD4lPV40lIeSE,09-1770-9316
180,4e2d6c3a-55fd-44e1-bb5b-223d1e2c4926,佐々木 結愛,Rosalia.Stokes34@hotmail.com,ujOG1axTJedx6qS,05-9678-5112
5,707d74ce-45cd-46fb-9a5d-ecac4bb3827e,林 美羽,Rory94@yahoo.com,OAHdfmZDLvsCA_Q,064-163-9293
161,2012f7e6-c4d5-45b5-826f-e5b934248fb3,松本 大翔,Leif.Collier6@gmail.com,o_PPDmiDD8MYWu6,003-174-9813
34,36bfe660-656d-4587-b24e-978fc609a562,佐々木 陽菜,Bart58@yahoo.com,4QhxahD1P2aL6UF,0245-63-6804
318,7651bd79-5bd3-4a6f-8ed1-5f51eb8c55df,佐々木 蒼空,Robb.McKenzie51@hotmail.com,Aq21YBfl7kbAaR1,0890-38-5152
184,a3167ca4-b635-4c1c-933a-29465e378d81,中村 蒼空,Lydia57@yahoo.com,v_kl535rCn5udP9,03578-8-7061
72,a162d750-53e8-4a6a-84a8-f85729b766e2,木村 杏,Nina89@gmail.com,4rNZBTYZSC4DbZe,05-2208-3426
3,06cec074-751a-4cf3-a674-017f9d5f60f1,斎藤 陸斗,Glenna57@yahoo.com,CWtBDzzipcRBl17,033-917-9885
0,96fcd58a-72da-4724-8a1c-4f7a461e9d23,中村 結衣,Madisyn.Huel@gmail.com,5803WGxSXi4ztZt,05476-4-4648
146,9d409d10-e876-4c54-a61b-d3e2885dad87,林 美咲,Robbie_Daugherty@yahoo.com,adBo2EziAtNnozE,04593-0-4661
11,7e8b2d29-e388-47cc-9ee1-f66029ae7029,鈴木 颯太,Elliot13@hotmail.com,SONxx9NGvK_GiRY,05-9761-9782
6,c7ceef52-5b19-42ba-8a14-ed8b6eeb2088,山口 大翔,Norval93@gmail.com,AXh9_Sd7nvM9yDW,06632-4-8578
88,ab7f2e30-b2bb-4c8e-afee-7c3cd4ac28eb,小林 結衣,Magdalen.Considine@hotmail.com,ojBS5h4utB2od9K,025-437-5230
5,0f7b504c-eccc-4e7f-8cda-0c6475320d8c,高橋 美咲,Felipe58@yahoo.com,l3qEiSCitBDIqM7,074-432-3136
194,87797cd2-d76b-4583-8982-a633d013282c,山口 結衣,Anjali84@gmail.com,Y5RXyWbFpXBlSZt,0722-92-5518
72,73e2b834-1a16-47d4-9e65-8e040d0dbe35,小林 翼,Danielle.Nikolaus7@yahoo.com,EZGOITehhEfJ5UV,00191-4-2161
94,7d9773a3-e17d-4dec-bc8f-e074f6455874,吉田 結愛,Marlee_Schaden@hotmail.com,rNi6Ge1p0dPwYPo,03171-3-6829
67,75ccec9f-b180-48ab-8af0-168f44381aa7,吉田 大和,Lucious56@yahoo.com,mE8QQXvmMrTO4Cx,05791-2-7585
63,331ce746-b243-4852-871d-cb40ab9ddb8b,斎藤 莉子,Alphonso_Berge86@hotmail.com,3I2Qvx1nbugxsXc,08931-9-0047
0,3e5742ff-f8af-433a-912a-9f437810654f,伊藤 結菜,Randi_Ankunding@gmail.com,4xESLTjC3XFBODN,09036-1-5310
16,130f4d4a-6f42-4414-b4e6-298ac4c6132c,加藤 愛菜,Maxie_Gaylord@gmail.com,awgjGNsbsNgO_4f,08-1634-2649
7,bc9e92ca-fa72-4a47-8fcf-3033979a8dc2,松本 陽菜,Brittany_Beatty97@gmail.com,ohwMx8bidWss27Z,04-9140-1734
15,e1000e97-e913-4aa6-86ce-6eb27eb0a2e8,田中 大翔,Linnea.Collier97@yahoo.com,qWxlFuRTHSXkEzm,05-5292-6811
231,1da3aa9f-3a62-4900-a9f5-ccc635552a88,松本 結愛,Mercedes_Hammes@gmail.com,Dk2KaEBrd0rdmPn,02551-8-4731
3,d2f8d32e-8277-4527-afb2-0afda1439fd7,清水 蓮,Verdie_Harris@gmail.com,ZStcJoceZ4I72Gx,09-6546-0602
40,b362abb2-0e3d-406f-98a0-70f7b91ff49d,佐藤 陽菜,Joy_Yost94@yahoo.com,I1BuRzYYBcxIkHO,08-8074-5523
10,ccd2e0f8-aa01-45d8-9770-b261ec59ec71,高橋 杏,Leonard_Douglas3@gmail.com,UW3y_OWs9Xk5k8Y,07-6787-9733
95,9cef7b92-b25e-4b7c-8ac9-18b28fd22be1,清水 蒼空,Adaline_Bradtke@hotmail.com,ouZmrpBxiwTMm8V,05559-0-0242
95,8ae6f42e-e9b8-4313-beae-6111e51ecf83,清水 蓮,Alejandra89@hotmail.com,8p7fHWmFYxcBLwo,035-199-1567
306,464f6baf-611c-48db-94bf-2d13fa8574ad,小林 樹,Elisa_Heidenreich@hotmail.com,x4kMSv6nzK85BqZ,09349-5-6357
27,f367d24c-505e-4f26-8046-74c56bf21e61,渡辺 愛菜,Lila71@hotmail.com,04aVSglMRnB6_QP,057-017-2858
299,54281afd-e152-4d04-842f-166e65a9b93e,井上 陽翔,Susanna.Bernier@gmail.com,kqcYEExndDjfMdT,03-4848-3259
9,eb7b8bea-fb33-48d5-ab8a-654e44a0b330,吉田 太一,Burnice_Brown36@yahoo.com,0UBDwpysbYB8NCP,04-2527-2642
18,5b408d43-2d32-413e-8379-fe517d36ef90,林 蒼空,Nolan.Marks@yahoo.com,IXkqouJkbybqkrp,0174-22-7161
327,13ac071b-bd39-4d0b-9e26-cbdc320b7a89,佐藤 陽菜,Blaze15@yahoo.com,N6j4YFeJY4ha7KP,0510-31-3947
41,0938628b-ffd8-4f5a-a3de-d24027061cf7,斎藤 莉子,Kirstin_Mueller89@yahoo.com,xWj4m5b6xDj8opH,08-4086-3778
1,601286e6-0461-471f-9b0f-a75fb2516c06,斎藤 大翔,Stephan_Rolfson@hotmail.com,jxhkBFCtwN9CXkU,01-0757-4635
95,68262bd9-5e72-4ad1-a12b-281fb5913bc3,田中 莉子,Ima.Tillman77@gmail.com,LolN5JkDtpkZ3q3,0794-93-7426
5,a0d93647-5203-44f3-a7d5-55bffd70ecbd,山本 陽菜,Lonzo_Kautzer9@gmail.com,nQJIud3uQvVPZm0,08811-6-4095
55,623655d4-14b8-4f97-84b3-4aef37e6a66b,井上 大翔,Glennie_Wilderman30@yahoo.com,jF2pKHMuQDAzwy5,0756-70-4810
9,b008e998-df04-4b57-b5a1-eb6165d14eb5,佐々木 海翔,Cale50@yahoo.com,WRFIbXp859Uf6e8,0575-41-7438
113,37b83764-f513-4d6e-b024-1434cae7683a,渡辺 颯太,Shakira.Welch74@gmail.com,NnjG7HX97u8uMcL,083-923-1407
109,80393427-d3ad-48ec-a25b-e2496c321b0a,田中 陽翔,Damaris_Homenick@yahoo.com,TumjtZ5jAE2Q8ZT,090-964-8148
84,7a9ad350-6387-4246-a244-0d94eac7abcb,井上 蒼空,Melba85@hotmail.com,3JKC8BcAjQhbZ4a,072-084-6657
46,13208728-7a2b-4bc3-a28e-22cb69c2f0b7,伊藤 陽翔,Dayne.Abernathy@gmail.com,GI4eG3fQ9qDKKcP,012-561-8857
208,51f56b88-5094-489f-8c9d-d7a72c5564c4,田中 愛菜,Antoinette.Zboncak48@hotmail.com,w6muaLU_RQW0G0i,026-212-7605
154,99c7cdeb-183c-418c-95d7-9f111dd6a393,松本 莉子,Vernice_Ryan@hotmail.com,niwKho7bT4FTptL,0911-21-8004
4,c7eed974-e15c-43f9-8045-8474dd987f06,中村 美咲,Elenora3@yahoo.com,ZPJIHA2zydGJxds,06-7191-2213
55,8ab6d016-a8bb-4cdc-8065-fe24866d559c,中村 結菜,Cyrus97@gmail.com,J1VCo_2RFmKMUDJ,01-3827-6729
426,a15b16be-9fce-4943-9a6e-7ba7fdd504a5,林 結愛,Ulices.Schmitt88@gmail.com,1anS2E4910yYZap,01843-4-2224
179,2f03b9c8-75c7-4813-a2ac-42f81e3a4e63,鈴木 結愛,Anastacio.Franecki@yahoo.com,wqZGqM3zcM_Dwcj,09-2122-4417
227,baf9ba67-89fe-4a76-8fa4-991c65777ce9,小林 美咲,Yesenia.Deckow63@gmail.com,zVRwCZN5picnEtY,083-806-4681
192,196c4330-c289-478f-892d-f3d03f76483a,林 結愛,Glenda.OConner@gmail.com,orHQ_abDggMjMmq,029-715-6104
114,093ac67b-d90c-4b99-ac80-6e25260bbc2b,鈴木 結衣,Ulises_Beer81@hotmail.com,dxOelW4jNMV9vSb,00-3723-8368
3,2d8c129e-5e4e-425a-8a14-1b73452d9842,伊藤 美羽,Ellen.Gleason27@gmail.com,GI6megGrAc2Wfgy,022-120-5474
324,4cff8c64-8a3b-43cf-b1c4-b3f2b05ee1b1,山本 蓮,Matteo.Leannon23@yahoo.com,hMR_N9wyHj2TH60,06-7213-2454
100,20d9081a-5fae-41a3-80b2-fb5ad2747d71,山口 蒼空,Rose.Bednar@gmail.com,e1eDhwKPj7F0pNh,009-668-7485
19,19ab1216-9d9e-48d4-a33f-65507d906c56,伊藤 美咲,Kaitlin65@gmail.com,iYln4HWLd6BcrGt,0234-59-0565
25,1c7a9ade-4363-4650-b9ad-4c7dca1fca74,山田 美咲,Francesco83@hotmail.com,7nNmgstP1ckvhFA,08-3993-1209
4,9a394040-94f7-4830-9d7d-88bc08d75f6a,井上 結愛,Peyton_Turner@yahoo.com,ocxPGIKa7_ClD47,0973-33-0158
345,4243125b-3152-4dc3-8eb5-ad5335cd2960,加藤 陽翔,Kali_Weissnat38@gmail.com,38jfW9cTUA5VMRt,09-4377-3203
136,ef748014-b006-416a-ae4b-584811276702,斎藤 大翔,George.Bartoletti45@gmail.com,Uc5hJlsJ8wXL0Xs,019-129-1403
45,b1876fd3-b2a7-4f00-8417-207eef629e76,林 陽菜,Reba_Kutch@gmail.com,ziNImynY3s1iiDk,02-0398-5061
44,a9d4c9eb-48a3-4a05-ac24-19ddf7f5c328,加藤 結愛,Joy.Labadie24@yahoo.com,HFnAxn_jTa6EVWF,011-052-9397
23,3ea11a74-757b-4a5b-abd8-9f8e8bb4b03b,中村 心愛,Ottis_Ritchie@gmail.com,BVLGzmOdD_LTUg0,07221-9-6281
67,4f9b1f86-6852-44fa-a883-a14059a6f731,伊藤 颯太,Marianna_Breitenberg@gmail.com,8mjmdEz6B0C1x9P,088-249-8783
85,db3ccc8e-9d4e-4ede-825b-c1ffcc68545f,清水 陽翔,Justine.Nitzsche23@gmail.com,jIoV1NPdvNOzOks,0790-26-5360
102,ab9e336b-b8e1-4575-86f5-b8d0664c6ca8,吉田 海翔,Toney.Ondricka@gmail.com,uycO5xarYakQpFy,054-987-7883
126,0717bef9-405c-43be-866e-aa4612d6e0e2,田中 陽翔,Travis_Grimes12@hotmail.com,7s_DKDXrFbY5lMi,075-572-5832
68,50d852a7-32cb-4941-a022-922d9dd635cf,中村 美羽,Tessie_Collins81@yahoo.com,YtW1edEOMtSdBBJ,04-7892-5615
61,f1f788db-aa33-4424-bc61-2a71029d9726,小林 陽翔,Crystal.Lebsack82@hotmail.com,DkfcHbXbWPa2h4a,000-476-4720
21,14396133-206b-4326-a7a8-1aa63d0fb7e9,中村 海翔,Kayden17@yahoo.com,c1wRsNdRnq1_bYX,00-0894-1320
